acert,4
aelpt,4
aelst,4
einrs,4
eerst,4
aeglr,4
bertu,3
eersv,3
eorsw,3
aelnp,3
dorwy,3
abekr,3
eortv,3
befir,3
begin,3
aegln,3
eimrt,3
ainst,3
eehrt,3
efilr,3
arsty,3
aehrt,3
below,3
eoprs,3
aelry,3
aelrt,3
abder,3
aekst,3
aeprs,3
eiqtu,2
deipr,2
abdeo,2
aepry,2
efhls,2
fhort,2
adinr,2
aeegr,2
adelt,2
bhrsu,2
eegrt,2
aagmm,2
cnory,2
aprsy,2
ghotu,2
ajntu,2
aegrt,2
acost,2
egoru,2
efinr,2
eortw,2
aceht,2
ailrv,2
cinos,2
ginsu,2
acehp,2
inopt,2
cdlou,2
ehost,2
aflot,2
celru,2
acitt,2
hnort,2
eepru,2
eenrw,2
aelsv,2
aelmp,2
afilr,2
einrt,2
eghin,2
allot,2
aehps,2
ghirt,2
ghint,2
epstu,2
ilntu,2
aestw,2
enost,2
achmr,2
acelt,2
hoost,2
acepr,2
aekns,2
eintu,2
acerv,2
eipqu,2
aeirs,2
certu,2
eegnr,2
achmo,2
dstuy,2
einsw,2
aceno,2
agnor,2
ilpst,2
elpst,2
anors,2
eelst,2
eilms,2
aceln,2
eprsu,2
eefrr,2
eilpr,2
aenrs,2
eenrv,2
achin,2
degir,2
ailns,2
abdir,2
bdegu,2
aelpr,2
dgino,2
almor,2
aegnr,2
dginy,2
aemty,2
ceops,2
deirv,2
aclps,2
rsttu,2
bnrtu,2
dilly,2
eortu,2
orttu,2
adert,2
aehrs,2
eehst,2
abelm,2
adiry,2
agmno,2
ailov,2
ceepr,2
aegrz,2
noops,2
hostu,2
aclor,2
hortw,2
cdeor,2
alloy,2
aelnr,2
acesu,2
apsty,2
gilno,2
gnorw,2
deirw,2
cdeir,2
aeels,2
ailrt,2
deefr,2
ciopt,2
deirr,2
beglu,2
adelp,2
abelt,2
abest,2
aehls,2
abmru,2
abelr,2
loops,2
abdor,2
aestt,2
abdel,2
benoy,2
elmno,2
aintt,2
eelpr,2
bhort,2
einps,2
eelrv,2
alnot,2
agnot,2
aeflr,2
ehors,2
oorst,2
acgir,1
isssy,1
hhmpu,1
aaekw,1
bhlsu,1
acflo,1
adeev,1
aalnv,1
aehht,1
adfrw,1
delmo,1
aakmr,1
iknst,1
adegr,1
bcehn,1
aabet,1
efgin,1
ajmor,1
adeht,1
efhrs,1
crstu,1
loost,1
clnoo,1
aabes,1
amrry,1
abtty,1
floss,1
ehilx,1
ackor,1
affst,1
aeppr,1
defnu,1
ehlpw,1
alrtw,1
dootu,1
acryz,1
dgiit,1
ccklu,1
eikps,1
ciimm,1
dnopu,1
aimmx,1
eilnn,1
emntu,1
bbooy,1
first,1
adnst,1
belly,1
iorvy,1
deesy,1
inprt,1
aenry,1
bbeir,1
osttu,1
acrss,1
eflmu,1
afflo,1
eorrr,1
ilrsw,1
aegru,1
bdeel,1
cfikl,1
emott,1
eoorw,1
fnort,1
aprry,1
beimo,1
aellp,1
arstt,1
egnor,1
eglmo,1
lstuy,1
loopy,1
dnoru,1
aditu,1
gilny,1
ablor,1
eilst,1
cciiv,1
efgor,1
lmotu,1
abcis,1
aadls,1
aaegt,1
cipsy,1
aessy,1
dfjor,1
denps,1
abbek,1
dgilu,1
aabck,1
moort,1
aelno,1
achht,1
ehpry,1
bhmtu,1
bcehl,1
cdhtu,1
ilopt,1
deetw,1
cemot,1
aeemn,1
deest,1
abssy,1
glorw,1
fgiln,1
denoz,1
booyz,1
deeor,1
dlorw,1
eggou,1
ccikl,1
abirr,1
aalrt,1
lppuy,1
blrtu,1
cdhuy,1
ginor,1
efirx,1
gopru,1
abdly,1
amrst,1
hipty,1
adguy,1
chill,1
ehnor,1
adkov,1
errsu,1
adior,1
cehpr,1
cehrt,1
ccklo,1
deilt,1
eorst,1
eoprv,1
bginr,1
elosv,1
egimr,1
eltux,1
ehrsu,1
cehop,1
adirt,1
hinor,1
ccino,1
aemss,1
ailtv,1
achmp,1
abnot,1
cklpu,1
acerz,1
egipr,1
aerwy,1
cikpy,1
acetu,1
efrry,1
adeis,1
aiprt,1
llort,1
finuy,1
bersu,1
boost,1
rsstu,1
eegis,1
egirt,1
aabln,1
lmpsu,1
acknr,1
eggor,1
eqruy,1
diknr,1
aforv,1
abbey,1
agnty,1
acinp,1
alors,1
ehirs,1
oprxy,1
boort,1
cikpr,1
ceinw,1
cimpr,1
kllno,1
agrsu,1
achkw,1
mnotu,1
ekpry,1
gnruw,1
ghilt,1
imost,1
adhrs,1
iklls,1
deelr,1
aefmr,1
hmoru,1
aepsu,1
alrtu,1
binor,1
cciny,1
aagor,1
aamor,1
acklu,1
aehks,1
alppu,1
ddego,1
illsw,1
ehort,1
beklo,1
diivv,1
illps,1
achnt,1
cehko,1
ansty,1
mnoru,1
aadeh,1
beinr,1
chlot,1
adhor,1
eestw,1
hmnot,1
aelps,1
achtw,1
adoty,1
cfosu,1
elmst,1
aeest,1
eimov,1
chlny,1
aestu,1
allow,1
ehirt,1
hloss,1
egpru,1
cehst,1
deopt,1
eopxy,1
hmnpy,1
dfnou,1
ahlls,1
ahrry,1
eostv,1
llowy,1
nostu,1
eoprt,1
eefrw,1
ahlsw,1
aalnt,1
acmmo,1
afory,1
acers,1
airst,1
abckl,1
adqsu,1
alory,1
chknu,1
ceimn,1
aehms,1
ceehk,1
efory,1
acgor,1
deiox,1
alnpt,1
eilov,1
aeksw,1
ehist,1
hnosw,1
estyz,1
ahsty,1
ahrst,1
aefll,1
aalrv,1
fgoor,1
orsty,1
ahiry,1
ainrt,1
ehmor,1
abdeg,1
dimst,1
acnny,1
efstu,1
bchtu,1
acefr,1
glnsu,1
ipsty,1
aelmt,1
deily,1
deelv,1
corsu,1
aglss,1
aegmr,1
acprs,1
emnoy,1
ablmu,1
chouv,1
aesst,1
aairt,1
ceprt,1
abouy,1
amnor,1
acekr,1
hoswy,1
dehpt,1
glmoo,1
dfloo,1
airtt,1
eipty,1
egoos,1
dnoor,1
aenot,1
imopr,1
anopr,1
blnow,1
aacco,1
elors,1
inptu,1
aglot,1
afluw,1
biknr,1
eimst,1
abdey,1
rstuy,1
eorrt,1
dllor,1
agkwy,1
chhtu,1
agily,1
acill,1
defil,1
ffflu,1
dhory,1
acfkl,1
aaegp,1
cehnw,1
ceiov,1
adest,1
aklst,1
behrt,1
aadmm,1
abdln,1
eilrv,1
deegw,1
agruu,1
moory,1
ackwy,1
cfklo,1
agnry,1
bbboy,1
eirtt,1
adhip,1
rstty,1
degim,1
eoprw,1
eelop,1
cchin,1
moott,1
mopst,1
bfflu,1
acmpr,1
aqrtu,1
cloyy,1
hotuy,1
ehmry,1
bgguy,1
aeiln,1
aemrs,1
fintu,1
aptty,1
cgiln,1
abell,1
hknuy,1
ahikk,1
ekopr,1
eglru,1
ceitw,1
agntw,1
ghrsu,1
aertt,1
enovw,1
aclot,1
deeny,1
clnow,1
dioww,1
inory,1
derru,1
aeguz,1
cefhi,1
eiprz,1
fginu,1
glluy,1
hoopw,1
anttu,1
eelry,1
aclss,1
eehmt,1
floty,1
abiit,1
beooz,1
aahlp,1
ehmty,1
bdotu,1
aeprr,1
cehtu,1
cikst,1
ceirt,1
aeikl,1
eegil,1
glory,1
adimt,1
bikrs,1
ggosy,1
prsuu,1
acdls,1
cnors,1
aeelv,1
eintw,1
ginst,1
bghou,1
ahmrs,1
hlost,1
addny,1
giorv,1
dhowy,1
ejnoy,1
adilv,1
ciino,1
aelqu,1
enstu,1
floor,1
accht,1
adeps,1
einst,1
eistx,1
ikqru,1
deimn,1
egorv,1
eilps,1
mmmuy,1
afltu,1
fggoy,1
flotu,1
acrry,1
beill,1
altwz,1
alpty,1
einpy,1
einpt,1
adlou,1
hoopt,1
ademr,1
imotv,1
bemor,1
afnny,1
alnrs,1
ghlpy,1
choop,1
hippy,1
ellps,1
flloy,1
elosu,1
cghlu,1
altuv,1
dgloy,1
ehrtw,1
eeflt,1
aegrv,1
aeinn,1
chkos,1
eipst,1
aelvv,1
ikmps,1
acilm,1
ainry,1
mstuy,1
adddy,1
aiqsu,1
aggin,1
aeltv,1
imopu,1
aertv,1
ckstu,1
chlmu,1
elmpu,1
cnotu,1
cinru,1
alott,1
erstw,1
deert,1
elorv,1
aefrs,1
eirtv,1
fnnuy,1
ekmos,1
dmnou,1
denuu,1
adens,1
aagnp,1
egilu,1
gstuy,1
achos,1
ceotv,1
ahmnu,1
dderu,1
chlnu,1
ablst,1
aagmn,1
eeelm,1
eflty,1
cikqu,1
aepst,1
eginv,1
ceott,1
aekly,1
dginr,1
eloos,1
adlsy,1
aelpp,1
ackls,1
ehnoy,1
afiln,1
eehns,1
eeeir,1
imnty,1
cikls,1
bdery,1
afhrw,1
accho,1
eprtu,1
egins,1
ceipr,1
anpsw,1
afiry,1
ffijy,1
filmy,1
ackst,1
cehos,1
eelps,1
adorr,1
annny,1
ceein,1
oowyz,1
adhny,1
acegr,1
diott,1
aknst,1
acemr,1
alsuu,1
ddeio,1
alorv,1
aijnn,1
ddmuy,1
acehs,1
elpry,1
enopr,1
ilops,1
adehs,1
deinr,1
innoo,1
delow,1
cchou,1
alpsy,1
eekov,1
ceekr,1
aeegl,1
diiot,1
biltu,1
bdeem,1
aadrw,1
dorss,1
alnnu,1
dgooy,1
fnorw,1
aiopt,1
adeln,1
dhimu,1
eeilt,1
hlmpy,1
defiy,1
ghimt,1
iistv,1
gostu,1
aoprv,1
cckor,1
eirtw,1
nnsuy,1
ahlot,1
acffh,1
deils,1
eeqru,1
emnov,1
ampst,1
orrsy,1
illst,1
acnor,1
aginp,1
hpsuy,1
aemrt,1
aaimn,1
aekow,1
abnrw,1
fistw,1
eeilx,1
bchir,1
ckluy,1
ikrsy,1
ghost,1
alnru,1
chinw,1
enrsu,1
ehosu,1
aborx,1
ceinr,1
chlru,1
aeltx,1
abotu,1
asvvy,1
inotx,1
cintu,1
ailny,1
chmpu,1
aklny,1
cerss,1
aeert,1
deelu,1
ccely,1
iktty,1
belou,1
mnoor,1
eentt,1
acelp,1
bbloy,1
hlpsu,1
giilv,1
deinx,1
bikln,1
cglnu,1
almqu,1
copru,1
cikln,1
cijuy,1
aegst,1
acdey,1
afhst,1
ckoor,1
elovw,1
egmno,1
cknsu,1
cgiin,1
inpsy,1
giorr,1
flnow,1
ahknt,1
opppy,1
dlmoy,1
ddowy,1
eekln,1
ackrt,1
acddy,1
ellqu,1
dmpuy,1
aberr,1
abcsu,1
alpst,1
eflry,1
hnory,1
amnos,1
enooz,1
almpy,1
aorvy,1
beest,1
eequu,1
cffil,1
acgim,1
oprst,1
firtz,1
cdeit,1
ilrtw,1
aallm,1
aeent,1
hiksw,1
ehlov,1
abehr,1
aacmw,1
agims,1
opstu,1
eervv,1
hissu,1
defit,1
abinr,1
bdduy,1
hmptu,1
acdny,1
cdhor,1
abins,1
cdorw,1
aborr,1
aglyy,1
kmsuy,1
adlly,1
belss,1
aborv,1
gnstu,1
eiltt,1
elrru,1
ikkos,1
bdlno,1
einnu,1
dfilu,1
attty,1
ceors,1
ceitu,1
aberz,1
abegr,1
belru,1
adeir,1
hkoos,1
eirrv,1
iprvy,1
beelt,1
fikrs,1
bgnoo,1
begnu,1
aeruz,1
aeevw,1
eegin,1
dnosu,1
eglov,1
lrwyy,1
eorrv,1
aassy,1
blmoo,1
aeirt,1
eknow,1
iklsy,1
cekrw,1
deltw,1
ackms,1
dilos,1
aaemz,1
aehlz,1
irstw,1
jlloy,1
beglo,1
filnt,1
eorsu,1
ciilv,1
aistv,1
aelrx,1
ceorv,1
aeilv,1
bceeh,1
ejtty,1
bilss,1
aclov,1
efnot,1
dlloy,1
eghit,1
ejkor,1
ceins,1
eentv,1
eensu,1
hnstu,1
orstw,1
eepsw,1
aelly,1
cdeer,1
aeimn,1
aefly,1
bmoos,1
cdenu,1
aerst,1
dgpuy,1
aeivw,1
chior,1
doost,1
ekops,1
gootu,1
adely,1
begil,1
adeil,1
eeisz,1
hloty,1
aghlu,1
eeisv,1
bcklo,1
aemnt,1
aegpr,1
enoos,1
adhry,1
dehis,1
adlrw,1
adisy,1
pttuy,1
ilptu,1
ccikr,1
einvx,1
forru,1
eegky,1
cghou,1
aeinv,1
ahlos,1
korst,1
abeht,1
antuy,1
ccehk,1
eimpr,1
abrss,1
frruy,1
aorrz,1
ceelt,1
ceitv,1
ilmpy,1
demru,1
aoqtu,1
aehnv,1
acilv,1
aersw,1
cmpru,1
dghou,1
aeglv,1
agnow,1
alnos,1
degnu,1
aehmr,1
chipt,1
norsw,1
ilppu,1
ceelx,1
nosty,1
abcin,1
inpuz,1
eenqu,1
loppy,1
morst,1
aeprt,1
eenrt,1
cdhil,1
adopt,1
imnor,1
aftty,1
hksuy,1
aberv,1
efilt,1
gilnt,1
egstu,1
eervy,1
kmruy,1
hiost,1
bmoux,1
einnr,1
eortt,1
dilmy,1
eellv,1
acmsu,1
dnotu,1
ilstt,1
aaenr,1
bcrsu,1
acfny,1
ilmsy,1
illsy,1
chopr,1
aeips,1
adhsy,1
afirr,1
eginr,1
illqu,1
corss,1
bdoor,1
iopst,1
abkln,1
aillv,1
ahkns,1
ggipy,1
aefkr,1
chhiw,1
acefl,1
ehlls,1
dlouw,1
aaegl,1
abbir,1
agnoy,1
aemsu,1
bhsuy,1
noosw,1
efikn,1
chopu,1
cnorw,1
abnru,1
deins,1
abdei,1
aahjr,1
arstw,1
achrs,1
aamss,1
dhirt,1
cikrt,1
doowy,1
bblru,1
efgir,1
cdios,1
eehrw,1
asssy,1
abceh,1
aansu,1
ccimo,1
cdelu,1
acest,1
ffnsu,1
cfkor,1
adgno,1
dknru,1
gnopr,1
dilru,1
aehlv,1
beruy,1
ilnvy,1
eiltu,1
ellms,1
aadeg,1
orrwy,1
astty,1
acllo,1
cfhin,1
aehns,1
adlmo,1
agntu,1
celov,1
acent,1
adnor,1
aorst,1
cekps,1
ehiks,1
imssy,1
gnrtu,1
aprty,1
chotu,1
aafim,1
ceeem,1
aarry,1
adipv,1
ejlly,1
kklsu,1
agnst,1
abltu,1
elorw,1
cerst,1
bcery,1
adeor,1
adrty,1
aimsw,1
chnot,1
gmoor,1
achor,1
chhit,1
gnouy,1
agiln,1
adery,1
dfnor,1
aprst,1
aelmr,1
eenuv,1
amrsw,1
effor,1
eensv,1
derry,1
dlryy,1
adknr,1
acdir,1
adehy,1
aehtt,1
jnotu,1
eiipx,1
hoqtu,1
bnosu,1
ahlst,1
eennp,1
ademn,1
admtu,1
bdilu,1
ainop,1
deglo,1
aemrr,1
aemnr,1
almps,1
amory,1
dioov,1
degil,1
aegsu,1
eiops,1
adnry,1
cchku,1
aknpr,1
fhisy,1
hoott,1
deorv,1
deilr,1
ahstw,1
instt,1
ehilw,1
abegt,1
alppy,1
aglns,1
aortt,1
aadrr,1
aaerw,1
acnno,1
fhist,1
ablwy,1
emrsu,1
aciil,1
hikrs,1
blntu,1
pppuy,1
ijost,1
bnnuy,1
beegt,1
eehlw,1
adept,1
nsttu,1
elost,1
aoptz,1
cehor,1
efklu,1
afoot,1
ablot,1
blluy,1
deens,1
eenrs,1
beorx,1
bjmou,1
eglnu,1
aceps,1
aailv,1
horst,1
lprsu,1
filrt,1
aipzz,1
cchno,1
emopt,1
doopr,1
bbeil,1
klnpu,1
aflou,1
aosvy,1
eepst,1
aegil,1
dellw,1
aeknv,1
aeors,1
fimot,1
ahmss,1
bilor,1
ehosv,1
abggy,1
ammmy,1
ampsw,1
aglno,1
bgruy,1
aegrw,1
ackqu,1
aqstu,1
aknsy,1
bdeit,1
aegmn,1
hinnt,1
jostu,1
amprt,1
nprsu,1
adelm,1
cimor,1
beelr,1
afkln,1
cfmoy,1
ffgru,1
glmou,1
cefht,1
aekno,1
aglow,1
aeffg,1
hlsyy,1
acerr,1
loprw,1
efhit,1
enrst,1
eopsy,1
ckory,1
eettw,1
aistw,1
eiprs,1
egopr,1
achov,1
lrtuy,1
forty,1
deity,1
celnu,1
hissw,1
egirv,1
eenpr,1
beelv,1
elmru,1
adfrt,1
elops,1
annoy,1
abekl,1
ditty,1
clruy,1
acder,1
dehor,1
dloor,1
chksu,1
cprty,1
cimnu,1
ckost,1
agrvy,1
closu,1
bdeer,1
acefh,1
acceh,1
bilmp,1
degin,1
defin,1
cgilo,1
deeil,1
dgiir,1
aefls,1
ceenp,1
abelz,1
enovy,1
eopss,1
abort,1
emosu,1
ckmuy,1
klsuy,1
efiry,1
adeim,1
knrtu,1
aesty,1
acelr,1
kknsu,1
bitty,1
aaklo,1
detuv,1
eegsu,1
ceemr,1
gillr,1
aefrt,1
enorw,1
beemr,1
acehr,1
blnoy,1
empty,1
deeps,1
gipsy,1
cerru,1
ckmos,1
adder,1
eegmr,1
brstu,1
aakpp,1
aimty,1
ahksy,1
ehorv,1
norst,1
dnosy,1
afint,1
ahntu,1
floru,1
achir,1
deotx,1
ehrsw,1
eenst,1
deilp,1
akqru,1
blruy,1
elnov,1
aenwx,1
ciost,1
ejkry,1
biltz,1
beefy,1
cilry,1
hssuy,1
elotw,1
ilqtu,1
bgino,1
ipswy,1
abhrs,1
cenos,1
aostt,1
acsuy,1
aeluv,1
ceips,1
hnoor,1
ahprs,1
abdwy,1
adiir,1
kllsu,1
hnopy,1
eissu,1
ellsw,1
einru,1
agssy,1
aflor,1
eppru,1
achlt,1
ghitw,1
bcikr,1
errty,1
hlloy,1
acdel,1
agrss,1
achks,1
adgmo,1
emorv,1
beors,1
ceirr,1
ginvy,1
admno,1
efltu,1
hiopp,1
ahkrs,1
beeos,1
antwy,1
achkl,1
aefst,1
ddruy,1
acfrs,1
adilt,1
hlssu,1
eemns,1
dinwy,1
allsy,1
giloo,1
denry,1
eejlw,1
ehnos,1
aehlw,1
ehmny,1
abesu,1
efguu,1
bcmru,1
anpsy,1
ehlsw,1
prsuy,1
aesuv,1
agmtu,1
gnsuw,1
adekr,1
aefir,1
hirst,1
gortu,1
ddloy,1
ehitt,1
adilp,1
dmmuy,1
bmoor,1
bdiln,1
chort,1
eemny,1
aagin,1
ginty,1
ekpsy,1
belno,1
bdeir,1
elotx,1
bbhoy,1
diimo,1
erttu,1
histx,1
aalmr,1
aeers,1
eegly,1
knpsu,1
eippr,1
aclsy,1
cdlos,1
efhty,1
cchik,1
oosty,1
aacln,1
hinwy,1
ahlss,1
aekqu,1
ijnot,1
epstw,1
depru,1
aehvy,1
deilw,1
eefmm,1
aloss,1
aeimz,1
cersw,1
eeprs,1
kmosy,1
ffhiw,1
censt,1
adegl,1
enpst,1
imprs,1
ekost,1
eiprr,1
biort,1
accoo,1
giltu,1
hmsuu,1
hhssu,1
ikmrs,1
inosy,1
hinsy,1
aeelt,1
ehlow,1
chhnu,1
eilpx,1
alopr,1
ehlot,1
dorsw,1
ffpuy,1
filly,1
billy,1
clotu,1
acden,1
aeotv,1
aceft,1
chiil,1
ainpt,1
eilnr,1
cioru,1
alsty,1
adiou,1
abefl,1
acklo,1
aelnv,1
prstu,1
eopst,1
ablmy,1
afhls,1
denuw,1
chnru,1
deewy,1
mpstu,1
ittwy,1
impwy,1
foops,1
bdeln,1
aalss,1
chikt,1
artwy,1
acimn,1
biqsu,1
beopr,1
ackkn,1
cefor,1
bdetu,1
deorr,1
aehst,1
eehtt,1
aegnt,1
deinw,1
ciily,1
ceils,1
ginot,1
achls,1
jorru,1
bdloo,1
intuy,1
ioptv,1
ooprt,1
eersw,1
hmopr,1
accit,1
ackty,1
demno,1
dmooy,1
aennx,1
fuyzz,1
achpt,1
aertw,1
lmpuy,1
adimn,1
aegmo,1
iilmt,1
abbty,1
aeils,1
ffiks,1
abiss,1
aklnp,1
eegrv,1
bchot,1
aclrw,1
losuy,1
bcciu,1
ackrw,1
degiu,1
fiost,1
acemo,1
denru,1
acort,1
eeruv,1
adfru,1
ahpry,1
coops,1
bcilm,1
delno,1
ceklr,1
allty,1
cehit,1
acinr,1
elltu,1
ghlou,1
hilly,1
cderu,1
aaprt,1
acels,1
delor,1
ailnp,1
emprs,1
binry,1
abbot,1
enrru,1
eqstu,1
ciprs,1
bdnou,1
befit,1
adnrw,1
eistu,1
chity,1
ceehr,1
abegl,1
egssu,1
aimox,1
acdhr,1
acptu,1
aelnt,1
ahhrs,1
cersu,1
dopru,1
ginsw,1
einop,1
lpsuu,1
bgmou,1
eimnr,1
achms,1
diilp,1
amorr,1
acenr,1
almru,1
abhit,1
bossy,1
aekmr,1
dksuy,1
diyzz,1
ehilt,1
bkoor,1
ajyzz,1
ffity,1
eenss,1
agint,1
lrsuy,1
aegll,1
aaflt,1
fklnu,1
abegn,1
enpru,1
allms,1
alnst,1
cffos,1
orstu,1
innny,1
ceovy,1
eiprv,1
aeknt,1
egouv,1
ginow,1
eknot,1
enrty,1
bhoot,1
cdehi,1
efiln,1
iimmn,1
deekn,1
cdeoy,1
aekln,1
aorrw,1
hmsuy,1
beirt,1
acees,1
bhirt,1
aghpr,1
ddeor,1
aerrt,1
deirt,1
acckl,1
cloor,1
ghoru,1
eghiw,1
cntuu,1
adell,1
iprst,1
acfrt,1
imnsu,1
cdeiy,1
cdilu,1
acirv,1
derss,1
cdhit,1
gpsyy,1
aapst,1
affty,1
aeflm,1
oopsw,1
afloo,1
ghist,1
bekor,1
aerty,1
achrt,1
istxy,1
eehrs,1
enosy,1
aorsv,1
aclmp,1
fknuy,1
afmoy,1
ciotx,1
abdnr,1
blmpu,1
bettu,1
dillr,1
eiprt,1
bceip,1
enort,1
ikllr,1
aadmr,1
aehny,1
hiknt,1
aiort,1
abcor,1
abils,1
cmrsu,1
bdesu,1
ehnop,1
cortu,1
acelm,1
foopr,1
adehr,1
optuy,1
abemy,1
aeflt,1
giprs,1
acdet,1
acmor,1
ddgoy,1
aerrr,1
denrt,1
nttuy,1
aimss,1
hmrry,1
dhitw,1
abnor,1
eefrv,1
aervw,1
akprs,1
beeil,1
eelpx,1
emost,1
abeov,1
aefrw,1
acnst,1
fillr,1
aahsw,1
ackns,1
closw,1
dfirt,1
bilmo,1
ceefn,1
elmot,1
cenou,1
aekrw,1
ioprr,1
eklnt,1
cello,1
aefkl,1
adeno,1
ceimr,1
costu,1
beimu,1
iknpy,1
aestv,1
aeguv,1
cchko,1
fghit,1
deiov,1
ceflt,1
forst,1
anprw,1
booty,1
isttw,1
aaenp,1
ffist,1
aalpz,1
deegl,1
aektw,1
agnrt,1
cdeim,1
abcno,1
abcel,1
ablrw,1
klnsu,1
fmoru,1
denor,1
emnow,1
cmsuu,1
abost,1
ddoty,1
cenov,1
mortu,1
errtu,1
ahrtw,1
allst,1
aemst,1
aailx,1
eprru,1
adily,1
cehin,1
aelmy,1
ceiju,1
lnnoy,1
lmppu,1
emrry,1
afill,1
aalpp,1
aehtw,1
berry,1
ceorw,1
ceert,1
eggly,1
eikrs,1
ennpy,1
jmpuy,1
allry,1
acrsy,1
demmo,1
gorss,1
aainv,1
deegr,1
cinot,1
aakpr,1
ffins,1
diilv,1
akrst,1
mprtu,1
ddgiy,1
eersu,1
aboot,1
adiov,1
eoqtu,1
deilv,1
eikln,1
gloss,1
aegry,1
beert,1
einos,1
adgln,1
gilns,1
morru,1
aeopr,1
ghhit,1
dnouw,1
ehitw,1
bkluy,1
deetu,1
accir,1
addpy,1
binox,1
fiyzz,1
aginr,1
eertx,1
egrsu,1
aeglm,1
beell,1
alosv,1
chrsu,1
firtu,1
appsy,1
aekrt,1
acrtt,1
einov,1
ikpsy,1
afknr,1
deery,1
fhilt,1
ampss,1
aeehv,1
abmmo,1
ackln,1
elmnu,1
benor,1
koops,1
abemr,1
aehlt,1
aacrt,1
ceorr,1
dirty,1
llsyy,1
affix,1
eehps,1
ikkny,1
loowy,1
aemuv,1
fglnu,1
achty,1
defir,1
ailqu,1
gimry,1
cruvy,1
acegy,1
cdeeu,1
agprs,1
iklmy,1
binos,1
afgrt,1
adnsy,1
afkls,1
deegh,1
gilry,1
ahssw,1
ceopu,1
denow,1
abhor,1
cehlw,1
ghitt,1
eeegs,1
eimrs,1
himrt,1
aabcl,1
ceehl,1
celos,1
ehntt,1
acenp,1
diort,1
agilr,1
celno,1
egisu,1
ahlpr,1
bddiy,1
himst,1
emorw,1
aeepy,1
efirs,1
adepr,1
ffhit,1
aknps,1
aeglz,1
ckrtu,1
aakky,1
irsuv,1
estty,1
eeept,1
flluy,1
alnoz,1
emort,1
crruy,1
adgnr,1
abjno,1
ainox,1
beelz,1
ccoru,1
aalns,1
egooy,1
abcer,1
aally,1
bcipu,1
aenrv,1
aghns,1
afkly,1
chmnu,1
dlluy,1
egikn,1
iklns,1
hrruy,1
efhtt,1
hnors,1
gmpyy,1
achnr,1
ginrw,1
aammm,1
eforz,1
elsty,1
emoos,1
acint,1
dnorw,1
aegnv,1
cehss,1
gppuy,1
innou,1
lorry,1
aegim,1
abbcy,1
ddiru,1
acetx,1
hrttu,1
deopy,1
cehim,1
knstu,1
diimt,1
abcht,1
aeggu,1
oorrt,1
acckr,1
ceruv,1
aeltt,1
chitw,1
bchnu,1
ailnv,1
aopsy,1
eemrt,1
adlmy,1
ddeir,1
ceens,1
knnow,1
amnow,1
ghnot,1
chnpu,1
dnowy,1
adekn,1
hilrw,1
adipr,1
acgln,1
fgooy,1
aeilm,1
cimsu,1
ffstu,1
beelp,1
accem,1
filoo,1
eorsv,1
ahqsu,1
aafnu,1
gmmuy,1
ahppy,1
elnwy,1
fssuy,1
ceilr,1
aaguv,1
artty,1
defgu,1
efmru,1
chipr,1
efort,1
abiil,1
ehinw,1
eptty,1
glloy,1
ailpt,1
cefkl,1
eflno,1
dgoru,1
bnorw,1
hmrtu,1
cfisu,1
ahsst,1
cdery,1
eirsw,1
iorsv,1
adntu,1
ceers,1
eilmp,1
aaitw,1
eprss,1
ehosw,1
bortu,1
oopst,1
aekps,1
agmny,1
eginy,1
eilnt,1
cenor,1
elpsu,1
mossy,1
adist,1
ceehn,1
chinp,1
ddety,1
llsuy,1
enors,1
einpr,1
noswy,1
ggino,1
acehl,1
hmotu,1
dhnou,1
clmpu,1
bgiot,1
ceeip,1
aehtu,1
deips,1
ddinu,1
inort,1
aabls,1
ehins,1
cegko,1
deoor,1
adgru,1
almoy,1
acmps,1
acmrs,1
almny,1
ehllo,1
antuv,1
ckkno,1
aertx,1
cdnoo,1
aadpt,1
illwy,1
aklop,1
anory,1
ikrst,1
afhit,1
achmt,1
cemry,1
deipt,1
eekls,1
eirrs,1
ittwx,1
aceep,1
fhlsu,1
actty,1
ceejt,1
egorr,1
efirt,1
aaort,1
adltu,1
degju,1
eorrw,1
alrru,1
aehsv,1
